[{"model": "auth.permission", "pk": 1, "fields": {"name": "Can add log entry", "content_type": 1, "codename": "add_logentry"}}, {"model": "auth.permission", "pk": 2, "fields": {"name": "Can change log entry", "content_type": 1, "codename": "change_logentry"}}, {"model": "auth.permission", "pk": 3, "fields": {"name": "Can delete log entry", "content_type": 1, "codename": "delete_logentry"}}, {"model": "auth.permission", "pk": 4, "fields": {"name": "Can view log entry", "content_type": 1, "codename": "view_logentry"}}, {"model": "auth.permission", "pk": 5, "fields": {"name": "Can add permission", "content_type": 2, "codename": "add_permission"}}, {"model": "auth.permission", "pk": 6, "fields": {"name": "Can change permission", "content_type": 2, "codename": "change_permission"}}, {"model": "auth.permission", "pk": 7, "fields": {"name": "Can delete permission", "content_type": 2, "codename": "delete_permission"}}, {"model": "auth.permission", "pk": 8, "fields": {"name": "Can view permission", "content_type": 2, "codename": "view_permission"}}, {"model": "auth.permission", "pk": 9, "fields": {"name": "Can add group", "content_type": 3, "codename": "add_group"}}, {"model": "auth.permission", "pk": 10, "fields": {"name": "Can change group", "content_type": 3, "codename": "change_group"}}, {"model": "auth.permission", "pk": 11, "fields": {"name": "Can delete group", "content_type": 3, "codename": "delete_group"}}, {"model": "auth.permission", "pk": 12, "fields": {"name": "Can view group", "content_type": 3, "codename": "view_group"}}, {"model": "auth.permission", "pk": 13, "fields": {"name": "Can add user", "content_type": 4, "codename": "add_user"}}, {"model": "auth.permission", "pk": 14, "fields": {"name": "Can change user", "content_type": 4, "codename": "change_user"}}, {"model": "auth.permission", "pk": 15, "fields": {"name": "Can delete user", "content_type": 4, "codename": "delete_user"}}, {"model": "auth.permission", "pk": 16, "fields": {"name": "Can view user", "content_type": 4, "codename": "view_user"}}, {"model": "auth.permission", "pk": 17, "fields": {"name": "Can add content type", "content_type": 5, "codename": "add_contenttype"}}, {"model": "auth.permission", "pk": 18, "fields": {"name": "Can change content type", "content_type": 5, "codename": "change_contenttype"}}, {"model": "auth.permission", "pk": 19, "fields": {"name": "Can delete content type", "content_type": 5, "codename": "delete_contenttype"}}, {"model": "auth.permission", "pk": 20, "fields": {"name": "Can view content type", "content_type": 5, "codename": "view_contenttype"}}, {"model": "auth.permission", "pk": 21, "fields": {"name": "Can add session", "content_type": 6, "codename": "add_session"}}, {"model": "auth.permission", "pk": 22, "fields": {"name": "Can change session", "content_type": 6, "codename": "change_session"}}, {"model": "auth.permission", "pk": 23, "fields": {"name": "Can delete session", "content_type": 6, "codename": "delete_session"}}, {"model": "auth.permission", "pk": 24, "fields": {"name": "Can view session", "content_type": 6, "codename": "view_session"}}, {"model": "auth.permission", "pk": 25, "fields": {"name": "Can add author", "content_type": 7, "codename": "add_author"}}, {"model": "auth.permission", "pk": 26, "fields": {"name": "Can change author", "content_type": 7, "codename": "change_author"}}, {"model": "auth.permission", "pk": 27, "fields": {"name": "Can delete author", "content_type": 7, "codename": "delete_author"}}, {"model": "auth.permission", "pk": 28, "fields": {"name": "Can view author", "content_type": 7, "codename": "view_author"}}, {"model": "auth.permission", "pk": 29, "fields": {"name": "Can add book", "content_type": 8, "codename": "add_book"}}, {"model": "auth.permission", "pk": 30, "fields": {"name": "Can change book", "content_type": 8, "codename": "change_book"}}, {"model": "auth.permission", "pk": 31, "fields": {"name": "Can delete book", "content_type": 8, "codename": "delete_book"}}, {"model": "auth.permission", "pk": 32, "fields": {"name": "Can view book", "content_type": 8, "codename": "view_book"}}, {"model": "auth.permission", "pk": 33, "fields": {"name": "Can add user", "content_type": 9, "codename": "add_memouser"}}, {"model": "auth.permission", "pk": 34, "fields": {"name": "Can change user", "content_type": 9, "codename": "change_memouser"}}, {"model": "auth.permission", "pk": 35, "fields": {"name": "Can delete user", "content_type": 9, "codename": "delete_memouser"}}, {"model": "auth.permission", "pk": 36, "fields": {"name": "Can view user", "content_type": 9, "codename": "view_memouser"}}, {"model": "auth.permission", "pk": 37, "fields": {"name": "Can add Memo", "content_type": 10, "codename": "add_memo"}}, {"model": "auth.permission", "pk": 38, "fields": {"name": "Can change Memo", "content_type": 10, "codename": "change_memo"}}, {"model": "auth.permission", "pk": 39, "fields": {"name": "Can delete Memo", "content_type": 10, "codename": "delete_memo"}}, {"model": "auth.permission", "pk": 40, "fields": {"name": "Can view Memo", "content_type": 10, "codename": "view_memo"}}, {"model": "auth.permission", "pk": 41, "fields": {"name": "Can add profile", "content_type": 11, "codename": "add_profile"}}, {"model": "auth.permission", "pk": 42, "fields": {"name": "Can change profile", "content_type": 11, "codename": "change_profile"}}, {"model": "auth.permission", "pk": 43, "fields": {"name": "Can delete profile", "content_type": 11, "codename": "delete_profile"}}, {"model": "auth.permission", "pk": 44, "fields": {"name": "Can view profile", "content_type": 11, "codename": "view_profile"}}, {"model": "auth.permission", "pk": 45, "fields": {"name": "Can add person", "content_type": 12, "codename": "add_person"}}, {"model": "auth.permission", "pk": 46, "fields": {"name": "Can change person", "content_type": 12, "codename": "change_person"}}, {"model": "auth.permission", "pk": 47, "fields": {"name": "Can delete person", "content_type": 12, "codename": "delete_person"}}, {"model": "auth.permission", "pk": 48, "fields": {"name": "Can view person", "content_type": 12, "codename": "view_person"}}, {"model": "auth.permission", "pk": 49, "fields": {"name": "Can add membership", "content_type": 13, "codename": "add_membership"}}, {"model": "auth.permission", "pk": 50, "fields": {"name": "Can change membership", "content_type": 13, "codename": "change_membership"}}, {"model": "auth.permission", "pk": 51, "fields": {"name": "Can delete membership", "content_type": 13, "codename": "delete_membership"}}, {"model": "auth.permission", "pk": 52, "fields": {"name": "Can view membership", "content_type": 13, "codename": "view_membership"}}, {"model": "auth.permission", "pk": 53, "fields": {"name": "Can add group", "content_type": 14, "codename": "add_group"}}, {"model": "auth.permission", "pk": 54, "fields": {"name": "Can change group", "content_type": 14, "codename": "change_group"}}, {"model": "auth.permission", "pk": 55, "fields": {"name": "Can delete group", "content_type": 14, "codename": "delete_group"}}, {"model": "auth.permission", "pk": 56, "fields": {"name": "Can view group", "content_type": 14, "codename": "view_group"}}, {"model": "auth.permission", "pk": 57, "fields": {"name": "Can add restaurant", "content_type": 15, "codename": "add_restaurant"}}, {"model": "auth.permission", "pk": 58, "fields": {"name": "Can change restaurant", "content_type": 15, "codename": "change_restaurant"}}, {"model": "auth.permission", "pk": 59, "fields": {"name": "Can delete restaurant", "content_type": 15, "codename": "delete_restaurant"}}, {"model": "auth.permission", "pk": 60, "fields": {"name": "Can view restaurant", "content_type": 15, "codename": "view_restaurant"}}, {"model": "auth.permission", "pk": 61, "fields": {"name": "Can add place", "content_type": 16, "codename": "add_place"}}, {"model": "auth.permission", "pk": 62, "fields": {"name": "Can change place", "content_type": 16, "codename": "change_place"}}, {"model": "auth.permission", "pk": 63, "fields": {"name": "Can delete place", "content_type": 16, "codename": "delete_place"}}, {"model": "auth.permission", "pk": 64, "fields": {"name": "Can view place", "content_type": 16, "codename": "view_place"}}, {"model": "auth.permission", "pk": 65, "fields": {"name": "Can add waiter", "content_type": 17, "codename": "add_waiter"}}, {"model": "auth.permission", "pk": 66, "fields": {"name": "Can change waiter", "content_type": 17, "codename": "change_waiter"}}, {"model": "auth.permission", "pk": 67, "fields": {"name": "Can delete waiter", "content_type": 17, "codename": "delete_waiter"}}, {"model": "auth.permission", "pk": 68, "fields": {"name": "Can view waiter", "content_type": 17, "codename": "view_waiter"}}, {"model": "auth.permission", "pk": 69, "fields": {"name": "Can add article", "content_type": 18, "codename": "add_article"}}, {"model": "auth.permission", "pk": 70, "fields": {"name": "Can change article", "content_type": 18, "codename": "change_article"}}, {"model": "auth.permission", "pk": 71, "fields": {"name": "Can delete article", "content_type": 18, "codename": "delete_article"}}, {"model": "auth.permission", "pk": 72, "fields": {"name": "Can view article", "content_type": 18, "codename": "view_article"}}, {"model": "auth.permission", "pk": 73, "fields": {"name": "Can add reporter", "content_type": 19, "codename": "add_reporter"}}, {"model": "auth.permission", "pk": 74, "fields": {"name": "Can change reporter", "content_type": 19, "codename": "change_reporter"}}, {"model": "auth.permission", "pk": 75, "fields": {"name": "Can delete reporter", "content_type": 19, "codename": "delete_reporter"}}, {"model": "auth.permission", "pk": 76, "fields": {"name": "Can view reporter", "content_type": 19, "codename": "view_reporter"}}, {"model": "auth.permission", "pk": 77, "fields": {"name": "Can add articulo", "content_type": 20, "codename": "add_articulo"}}, {"model": "auth.permission", "pk": 78, "fields": {"name": "Can change articulo", "content_type": 20, "codename": "change_articulo"}}, {"model": "auth.permission", "pk": 79, "fields": {"name": "Can delete articulo", "content_type": 20, "codename": "delete_articulo"}}, {"model": "auth.permission", "pk": 80, "fields": {"name": "Can view articulo", "content_type": 20, "codename": "view_articulo"}}, {"model": "auth.permission", "pk": 81, "fields": {"name": "Can add publication", "content_type": 21, "codename": "add_publication"}}, {"model": "auth.permission", "pk": 82, "fields": {"name": "Can change publication", "content_type": 21, "codename": "change_publication"}}, {"model": "auth.permission", "pk": 83, "fields": {"name": "Can delete publication", "content_type": 21, "codename": "delete_publication"}}, {"model": "auth.permission", "pk": 84, "fields": {"name": "Can view publication", "content_type": 21, "codename": "view_publication"}}, {"model": "auth.permission", "pk": 85, "fields": {"name": "Can add intermedia", "content_type": 22, "codename": "add_intermedia"}}, {"model": "auth.permission", "pk": 86, "fields": {"name": "Can change intermedia", "content_type": 22, "codename": "change_intermedia"}}, {"model": "auth.permission", "pk": 87, "fields": {"name": "Can delete intermedia", "content_type": 22, "codename": "delete_intermedia"}}, {"model": "auth.permission", "pk": 88, "fields": {"name": "Can view intermedia", "content_type": 22, "codename": "view_intermedia"}}, {"model": "auth.permission", "pk": 89, "fields": {"name": "Can add blog", "content_type": 23, "codename": "add_blog"}}, {"model": "auth.permission", "pk": 90, "fields": {"name": "Can change blog", "content_type": 23, "codename": "change_blog"}}, {"model": "auth.permission", "pk": 91, "fields": {"name": "Can delete blog", "content_type": 23, "codename": "delete_blog"}}, {"model": "auth.permission", "pk": 92, "fields": {"name": "Can view blog", "content_type": 23, "codename": "view_blog"}}, {"model": "auth.permission", "pk": 93, "fields": {"name": "Can add entry", "content_type": 24, "codename": "add_entry"}}, {"model": "auth.permission", "pk": 94, "fields": {"name": "Can change entry", "content_type": 24, "codename": "change_entry"}}, {"model": "auth.permission", "pk": 95, "fields": {"name": "Can delete entry", "content_type": 24, "codename": "delete_entry"}}, {"model": "auth.permission", "pk": 96, "fields": {"name": "Can view entry", "content_type": 24, "codename": "view_entry"}}, {"model": "auth.permission", "pk": 97, "fields": {"name": "Can add author", "content_type": 25, "codename": "add_author"}}, {"model": "auth.permission", "pk": 98, "fields": {"name": "Can change author", "content_type": 25, "codename": "change_author"}}, {"model": "auth.permission", "pk": 99, "fields": {"name": "Can delete author", "content_type": 25, "codename": "delete_author"}}, {"model": "auth.permission", "pk": 100, "fields": {"name": "Can view author", "content_type": 25, "codename": "view_author"}}, {"model": "auth.permission", "pk": 101, "fields": {"name": "Can add buyer product", "content_type": 26, "codename": "add_buyerproduct"}}, {"model": "auth.permission", "pk": 102, "fields": {"name": "Can change buyer product", "content_type": 26, "codename": "change_buyerproduct"}}, {"model": "auth.permission", "pk": 103, "fields": {"name": "Can delete buyer product", "content_type": 26, "codename": "delete_buyerproduct"}}, {"model": "auth.permission", "pk": 104, "fields": {"name": "Can view buyer product", "content_type": 26, "codename": "view_buyerproduct"}}, {"model": "auth.permission", "pk": 105, "fields": {"name": "Can add buyer", "content_type": 27, "codename": "add_buyer"}}, {"model": "auth.permission", "pk": 106, "fields": {"name": "Can change buyer", "content_type": 27, "codename": "change_buyer"}}, {"model": "auth.permission", "pk": 107, "fields": {"name": "Can delete buyer", "content_type": 27, "codename": "delete_buyer"}}, {"model": "auth.permission", "pk": 108, "fields": {"name": "Can view buyer", "content_type": 27, "codename": "view_buyer"}}, {"model": "auth.permission", "pk": 109, "fields": {"name": "Can add review", "content_type": 28, "codename": "add_review"}}, {"model": "auth.permission", "pk": 110, "fields": {"name": "Can change review", "content_type": 28, "codename": "change_review"}}, {"model": "auth.permission", "pk": 111, "fields": {"name": "Can delete review", "content_type": 28, "codename": "delete_review"}}, {"model": "auth.permission", "pk": 112, "fields": {"name": "Can view review", "content_type": 28, "codename": "view_review"}}, {"model": "auth.permission", "pk": 113, "fields": {"name": "Can add product", "content_type": 29, "codename": "add_product"}}, {"model": "auth.permission", "pk": 114, "fields": {"name": "Can change product", "content_type": 29, "codename": "change_product"}}, {"model": "auth.permission", "pk": 115, "fields": {"name": "Can delete product", "content_type": 29, "codename": "delete_product"}}, {"model": "auth.permission", "pk": 116, "fields": {"name": "Can view product", "content_type": 29, "codename": "view_product"}}, {"model": "auth.user", "pk": 1, "fields": {"password": "pbkdf2_sha256$600000$NF4ycbxp4gYm1sMAzjc1jZ$1JHWLD0KDneXRbIvUWzwD2K4S5FNUgzUTrATLgyBHIg=", "last_login": null, "is_superuser": false, "username": "lara", "first_name": "Lara", "last_name": "Kemistry", "email": "kemistry@example.com", "is_staff": false, "is_active": true, "date_joined": "2024-01-25T10:28:10.316Z", "groups": [], "user_permissions": []}}, {"model": "auth.user", "pk": 2, "fields": {"password": "pbkdf2_sha256$600000$VwlhSnFvjzvs9VZp1wlomu$hrSnv3blFdFDbHw0+P6+s5maLR7+45qDrVY5e7CCRdM=", "last_login": null, "is_superuser": false, "username": "ginger", "first_name": "Ginger", "last_name": "Rogers", "email": "rogers@example.com", "is_staff": false, "is_active": true, "date_joined": "2024-01-25T10:54:49.738Z", "groups": [], "user_permissions": []}}, {"model": "auth.user", "pk": 3, "fields": {"password": "pbkdf2_sha256$600000$Oy0iUg1YLpbXIXCOJ1iyr9$rBsvt0c3Uh1aE6VR2OwGFDCJmFUwxxLLX6UuHbNuQBM=", "last_login": null, "is_superuser": false, "username": "orson", "first_name": "Orson", "last_name": "Wells", "email": "wells@example.com", "is_staff": false, "is_active": true, "date_joined": "2024-01-25T16:39:19.645Z", "groups": [], "user_permissions": []}}, {"model": "auth.user", "pk": 4, "fields": {"password": "pbkdf2_sha256$600000$inaqMttg2Kx3SxLkpMvHQz$wCXTH7vpdTk7QMtgtijiQLpXPUQsvTzJ/2auTHdLUKE=", "last_login": null, "is_superuser": false, "username": "vent", "first_name": "Luis", "last_name": "Ventura", "email": "ventura@example.com", "is_staff": false, "is_active": true, "date_joined": "2024-01-25T16:41:43.239Z", "groups": [], "user_permissions": []}}, {"model": "contenttypes.contenttype", "pk": 1, "fields": {"app_label": "admin", "model": "logentry"}}, {"model": "contenttypes.contenttype", "pk": 2, "fields": {"app_label": "auth", "model": "permission"}}, {"model": "contenttypes.contenttype", "pk": 3, "fields": {"app_label": "auth", "model": "group"}}, {"model": "contenttypes.contenttype", "pk": 4, "fields": {"app_label": "auth", "model": "user"}}, {"model": "contenttypes.contenttype", "pk": 5, "fields": {"app_label": "contenttypes", "model": "contenttype"}}, {"model": "contenttypes.contenttype", "pk": 6, "fields": {"app_label": "sessions", "model": "session"}}, {"model": "contenttypes.contenttype", "pk": 7, "fields": {"app_label": "books", "model": "author"}}, {"model": "contenttypes.contenttype", "pk": 8, "fields": {"app_label": "books", "model": "book"}}, {"model": "contenttypes.contenttype", "pk": 9, "fields": {"app_label": "memo", "model": "memouser"}}, {"model": "contenttypes.contenttype", "pk": 10, "fields": {"app_label": "memo", "model": "memo"}}, {"model": "contenttypes.contenttype", "pk": 11, "fields": {"app_label": "users", "model": "profile"}}, {"model": "contenttypes.contenttype", "pk": 12, "fields": {"app_label": "pruebas", "model": "person"}}, {"model": "contenttypes.contenttype", "pk": 13, "fields": {"app_label": "pruebas", "model": "membership"}}, {"model": "contenttypes.contenttype", "pk": 14, "fields": {"app_label": "pruebas", "model": "group"}}, {"model": "contenttypes.contenttype", "pk": 15, "fields": {"app_label": "pruebas", "model": "restaurant"}}, {"model": "contenttypes.contenttype", "pk": 16, "fields": {"app_label": "pruebas", "model": "place"}}, {"model": "contenttypes.contenttype", "pk": 17, "fields": {"app_label": "pruebas", "model": "waiter"}}, {"model": "contenttypes.contenttype", "pk": 18, "fields": {"app_label": "pruebas", "model": "article"}}, {"model": "contenttypes.contenttype", "pk": 19, "fields": {"app_label": "pruebas", "model": "reporter"}}, {"model": "contenttypes.contenttype", "pk": 20, "fields": {"app_label": "pruebas", "model": "articulo"}}, {"model": "contenttypes.contenttype", "pk": 21, "fields": {"app_label": "pruebas", "model": "publication"}}, {"model": "contenttypes.contenttype", "pk": 22, "fields": {"app_label": "pruebas", "model": "intermedia"}}, {"model": "contenttypes.contenttype", "pk": 23, "fields": {"app_label": "pruebas", "model": "blog"}}, {"model": "contenttypes.contenttype", "pk": 24, "fields": {"app_label": "pruebas", "model": "entry"}}, {"model": "contenttypes.contenttype", "pk": 25, "fields": {"app_label": "pruebas", "model": "author"}}, {"model": "contenttypes.contenttype", "pk": 26, "fields": {"app_label": "pruebas", "model": "buyerproduct"}}, {"model": "contenttypes.contenttype", "pk": 27, "fields": {"app_label": "pruebas", "model": "buyer"}}, {"model": "contenttypes.contenttype", "pk": 28, "fields": {"app_label": "pruebas", "model": "review"}}, {"model": "contenttypes.contenttype", "pk": 29, "fields": {"app_label": "pruebas", "model": "product"}}, {"model": "pruebas.person", "pk": 27, "fields": {"name": "Jim Morrison"}}, {"model": "pruebas.person", "pk": 28, "fields": {"name": "Ray Manzarek"}}, {"model": "pruebas.person", "pk": 29, "fields": {"name": "Robby Krieger"}}, {"model": "pruebas.person", "pk": 30, "fields": {"name": "John Densmore"}}, {"model": "pruebas.person", "pk": 31, "fields": {"name": "John Lennon"}}, {"model": "pruebas.person", "pk": 32, "fields": {"name": "Paul McCartney"}}, {"model": "pruebas.person", "pk": 33, "fields": {"name": "George Harrison"}}, {"model": "pruebas.person", "pk": 34, "fields": {"name": "Ringo Starr"}}, {"model": "pruebas.person", "pk": 44, "fields": {"name": "Mick Jagger"}}, {"model": "pruebas.person", "pk": 45, "fields": {"name": "Keith Richards"}}, {"model": "pruebas.person", "pk": 46, "fields": {"name": "Brian Jones"}}, {"model": "pruebas.person", "pk": 47, "fields": {"name": "Bill Wyman"}}, {"model": "pruebas.person", "pk": 48, "fields": {"name": "Charlie Watts"}}, {"model": "pruebas.group", "pk": 1, "fields": {"name": "The Beatles"}}, {"model": "pruebas.group", "pk": 2, "fields": {"name": "Rolling Stones"}}, {"model": "pruebas.group", "pk": 3, "fields": {"name": "The Doors"}}, {"model": "pruebas.membership", "pk": 37, "fields": {"person": 32, "group": 1, "date_joined": "1962-08-01", "instrument": "bass"}}, {"model": "pruebas.membership", "pk": 38, "fields": {"person": 33, "group": 1, "date_joined": "1962-08-01", "instrument": "lead guitar"}}, {"model": "pruebas.membership", "pk": 39, "fields": {"person": 34, "group": 1, "date_joined": "1962-08-01", "instrument": "drums"}}, {"model": "pruebas.membership", "pk": 40, "fields": {"person": 31, "group": 1, "date_joined": "1962-08-01", "instrument": "rythm guitar"}}, {"model": "pruebas.membership", "pk": 41, "fields": {"person": 27, "group": 3, "date_joined": "1965-08-02", "instrument": "vocals"}}, {"model": "pruebas.membership", "pk": 42, "fields": {"person": 28, "group": 3, "date_joined": "1965-08-02", "instrument": "keyboards"}}, {"model": "pruebas.membership", "pk": 43, "fields": {"person": 29, "group": 3, "date_joined": "1965-08-02", "instrument": "guitar"}}, {"model": "pruebas.membership", "pk": 44, "fields": {"person": 30, "group": 3, "date_joined": "1965-08-02", "instrument": "drums"}}, {"model": "pruebas.membership", "pk": 45, "fields": {"person": 48, "group": 2, "date_joined": "1962-10-11", "instrument": "drums"}}, {"model": "pruebas.membership", "pk": 46, "fields": {"person": 44, "group": 2, "date_joined": "1962-10-11", "instrument": "vocals"}}, {"model": "pruebas.membership", "pk": 47, "fields": {"person": 45, "group": 2, "date_joined": "1962-10-11", "instrument": "lead guitar"}}, {"model": "pruebas.membership", "pk": 48, "fields": {"person": 46, "group": 2, "date_joined": "1962-10-11", "instrument": "rythm guitar"}}, {"model": "pruebas.membership", "pk": 49, "fields": {"person": 47, "group": 2, "date_joined": "1962-10-11", "instrument": "bass"}}, {"model": "pruebas.membership", "pk": 50, "fields": {"person": 45, "group": 1, "date_joined": "1968-11-24", "instrument": " harmonica"}}, {"model": "pruebas.place", "pk": 3, "fields": {"name": "Demon Dogs", "address": "944 W. Fullerton"}}, {"model": "pruebas.place", "pk": 4, "fields": {"name": "Ace Hardware", "address": "1013 N. Ashland"}}, {"model": "pruebas.restaurant", "pk": 3, "fields": {"serves_hot_dogs": true, "serves_pizza": true}}, {"model": "pruebas.restaurant", "pk": 4, "fields": {"serves_hot_dogs": true, "serves_pizza": false}}, {"model": "pruebas.waiter", "pk": 1, "fields": {"restaurant": 3, "name": "Joey Mantegna"}}, {"model": "pruebas.waiter", "pk": 2, "fields": {"restaurant": 3, "name": "Lily Marlene"}}, {"model": "pruebas.waiter", "pk": 4, "fields": {"restaurant": 4, "name": "Ricky Maravilla"}}, {"model": "pruebas.waiter", "pk": 5, "fields": {"restaurant": 4, "name": "Lea Perrins"}}, {"model": "pruebas.reporter", "pk": 1, "fields": {"first_name": "Lucas", "last_name": "Maczicki", "email": "lucas@example.com"}}, {"model": "pruebas.reporter", "pk": 2, "fields": {"first_name": "Paula", "last_name": "Albarracin", "email": "paula@example.com"}}, {"model": "pruebas.article", "pk": 1, "fields": {"headline": "Las uvas de marzo", "pub_date": "2014-12-02", "reporter": 1}}, {"model": "pruebas.article", "pk": 2, "fields": {"headline": "El sentimiento voraz", "pub_date": "2011-02-14", "reporter": 2}}, {"model": "pruebas.article", "pk": 3, "fields": {"headline": "Volviendo a casa", "pub_date": "2019-01-25", "reporter": 1}}, {"model": "pruebas.article", "pk": 4, "fields": {"headline": "Cabizbajo y meditabundo", "pub_date": "2020-03-12", "reporter": 1}}, {"model": "pruebas.article", "pk": 5, "fields": {"headline": "La nueva historia de la antigua Roma", "pub_date": "2021-09-19", "reporter": 2}}, {"model": "pruebas.publication", "pk": 1, "fields": {"title": "La flecha del sudeste"}}, {"model": "pruebas.publication", "pk": 2, "fields": {"title": "Malaga quicks"}}, {"model": "pruebas.publication", "pk": 3, "fields": {"title": "A ciencia incierta"}}, {"model": "pruebas.publication", "pk": 4, "fields": {"title": "De todo un poco"}}, {"model": "pruebas.publication", "pk": 5, "fields": {"title": "Ciencia oscura"}}, {"model": "pruebas.publication", "pk": 6, "fields": {"title": "Uranio enriquecido"}}, {"model": "pruebas.articulo", "pk": 1, "fields": {"headline": "El viento azota todo el fin de semana la provincia", "publications": [1]}}, {"model": "pruebas.articulo", "pk": 2, "fields": {"headline": "Sera verdad que Jose...?", "publications": [1, 2]}}, {"model": "pruebas.articulo", "pk": 3, "fields": {"headline": "Yendo de la cama al living", "publications": [3]}}, {"model": "pruebas.articulo", "pk": 4, "fields": {"headline": "El espacio vacio e insonoro nos delata", "publications": []}}, {"model": "pruebas.articulo", "pk": 5, "fields": {"headline": "Requiem para viscosos etereos", "publications": [5]}}, {"model": "pruebas.articulo", "pk": 6, "fields": {"headline": "La insoportable levedad del ser", "publications": [5]}}, {"model": "pruebas.blog", "pk": 1, "fields": {"name": "Beatles Blog", "tagline": "All the latest Beatles news"}}, {"model": "pruebas.blog", "pk": 2, "fields": {"name": "Naturaleza salvaje", "tagline": "Todo lo que quieres saber sobre la vida silvestre"}}, {"model": "pruebas.blog", "pk": 3, "fields": {"name": "Planeta Tierra", "tagline": "Esto es lo que pasa en el planeta azul"}}, {"model": "pruebas.blog", "pk": 4, "fields": {"name": "Ciencia oscura", "tagline": "Mitos desmentidos de la pseudociencia"}}, {"model": "pruebas.blog", "pk": 5, "fields": {"name": "Pop Music Blog", "tagline": "All about pop music"}}, {"model": "pruebas.author", "pk": 1, "fields": {"name": "Peter Colazana", "email": "colazana@example.com"}}, {"model": "pruebas.author", "pk": 2, "fields": {"name": "Ginger Rogers", "email": "rogers@example.com"}}, {"model": "pruebas.author", "pk": 3, "fields": {"name": "Rick Ocasek", "email": "ocasek@example.com"}}, {"model": "pruebas.author", "pk": 4, "fields": {"name": "", "email": "tomlin@example.com"}}, {"model": "pruebas.entry", "pk": 1, "fields": {"blog": 1, "headline": "La salida de Sgts Pepper", "body_text": "Cuando en 1967 sale en Londres Sgt Pepper, la musica cambio para siempre", "pub_date": "2020-12-02", "mod_date": "2024-01-11", "number_of_comments": 0, "number_of_pingbacks": 0, "rating": 5, "authors": []}}, {"model": "pruebas.entry", "pk": 2, "fields": {"blog": 3, "headline": "El rey de la selva", "body_text": "Los leones se van extiguiendo de a poco por el avance de las urbanizaciones", "pub_date": "2020-08-12", "mod_date": "2024-01-11", "number_of_comments": 0, "number_of_pingbacks": 0, "rating": 5, "authors": [1, 2]}}, {"model": "pruebas.entry", "pk": 3, "fields": {"blog": 1, "headline": "Paul leaves the band", "body_text": "McCartney, the bassmanfrom the group, decides to form a solo band", "pub_date": "2019-11-13", "mod_date": "2024-01-11", "number_of_comments": 0, "number_of_pingbacks": 0, "rating": 5, "authors": []}}, {"model": "pruebas.entry", "pk": 4, "fields": {"blog": 4, "headline": "La tierra plana", "body_text": "Es ridiculo que a principios del siglo 21 haya gente defendiendo la teoria de la tierra plana", "pub_date": "2015-02-18", "mod_date": "2024-01-12", "number_of_comments": 0, "number_of_pingbacks": 0, "rating": 5, "authors": [4]}}, {"model": "pruebas.entry", "pk": 5, "fields": {"blog": 1, "headline": "New Lennon Biography", "body_text": "The real life of John Winston Lennon. From birth to death", "pub_date": "2008-06-01", "mod_date": "2024-01-14", "number_of_comments": 12, "number_of_pingbacks": 11, "rating": 5, "authors": []}}, {"model": "pruebas.entry", "pk": 6, "fields": {"blog": 1, "headline": "New Lennon Biography in Paperback", "body_text": "Is this a real biography? Or is just paperback lies and crap?", "pub_date": "2009-06-01", "mod_date": "2024-01-14", "number_of_comments": 22, "number_of_pingbacks": 18, "rating": 5, "authors": []}}, {"model": "pruebas.entry", "pk": 7, "fields": {"blog": 5, "headline": "Best Albums of 2088", "body_text": "The definitive list of the best albums every year", "pub_date": "2008-12-15", "mod_date": "2024-01-14", "number_of_comments": 8, "number_of_pingbacks": 11, "rating": 5, "authors": []}}, {"model": "pruebas.entry", "pk": 8, "fields": {"blog": 5, "headline": "Lennon would have loved hip hop", "body_text": "What would have happned if Beatles could have listened to hip hop", "pub_date": "2020-06-12", "mod_date": "2024-01-14", "number_of_comments": 15, "number_of_pingbacks": 15, "rating": 5, "authors": []}}, {"model": "pruebas.buyer", "pk": 1, "fields": {"user": 1}}, {"model": "pruebas.buyer", "pk": 2, "fields": {"user": 2}}, {"model": "pruebas.buyer", "pk": 3, "fields": {"user": 3}}, {"model": "pruebas.buyer", "pk": 4, "fields": {"user": 4}}, {"model": "pruebas.product", "pk": 1, "fields": {"name": "Frazadas Cornejo", "price": "89.00"}}, {"model": "pruebas.product", "pk": 2, "fields": {"name": "Thinkpad 430", "price": "200.00"}}, {"model": "pruebas.product", "pk": 3, "fields": {"name": "Zapatillas Puma", "price": "120.00"}}, {"model": "pruebas.product", "pk": 4, "fields": {"name": "Lamparas DonJoey", "price": "25.00"}}, {"model": "pruebas.buyerproduct", "pk": 1, "fields": {"buyer": 1, "product": 1, "quantity": 50, "purchase_date": "2024-01-12"}}, {"model": "pruebas.buyerproduct", "pk": 2, "fields": {"buyer": 3, "product": 2, "quantity": 38, "purchase_date": "2023-12-25"}}, {"model": "pruebas.buyerproduct", "pk": 3, "fields": {"buyer": 2, "product": 3, "quantity": 320, "purchase_date": "2023-12-04"}}, {"model": "pruebas.buyerproduct", "pk": 4, "fields": {"buyer": 1, "product": 3, "quantity": 60, "purchase_date": "2024-01-04"}}, {"model": "pruebas.review", "pk": 1, "fields": {"buyer": 1, "product": 3, "rating": 4, "comment": "Quite good zapatillas. Deutsche Herkunft", "review_date": "2024-01-15"}}]